filename,width,height,class,xmin,ymin,xmax,ymax
Training_94448962_jpg.rf.b19c8c5eac6d989b4fe3c4cece69f792.jpg,640,640,neutral,0,0,640,640
Training_96596559_jpg.rf.b1c3363877fc6322d8293f51bf8e3c8f.jpg,640,640,neutral,0,0,640,640
Training_97091455_jpg.rf.b2802781a99d88d4c325cde002ee1c68.jpg,640,640,neutral,9,39,640,640
Training_24076016_jpg.rf.b2b08b0ea943ffbec2c8659a2fd992a2.jpg,640,640,neutral,0,0,640,640
new_real-40-_jpg.rf.b2eba4c175a28019dc79ca33e24c9fec.jpg,640,640,face_real,220,203,471,482
thereal3_png.rf.b36e15fd91d0b384f95771edc31da5bb.jpg,640,640,face_real,164,115,467,547
Training_99304553_jpg.rf.b5766e8749fcc74de0638128d5842d92.jpg,640,640,neutral,0,0,640,640
Training_24230125_jpg.rf.b5a3647ace953c2384a00d02b4a72061.jpg,640,640,neutral,1,0,640,640
new_real-53-_jpg.rf.b394a354a6df65b53b8116fd8f1821f4.jpg,640,640,face_real,196,180,456,513
real-23-_png.rf.b3cdc2096f842ad71737552e36ef9eb1.jpg,640,640,face_real,182,90,483,539
Training_93848979_jpg.rf.b3ce32e5607cb9a2cfba00ec29223390.jpg,640,640,neutral,32,1,640,640
andr_video_9_frame5_jpg.rf.b479c7939eb9d4308ec43b723691821a.jpg,640,640,face_real,118,126,490,366
Training_97081766_jpg.rf.b60e6869496f475f4008dd846e8de4b8.jpg,640,640,neutral,13,13,640,640
Training_98336376_jpg.rf.b62882ed6f535c8a00d01893557b5418.jpg,640,640,neutral,0,0,640,640
Training_23330162_jpg.rf.b79e3059ae66672176254a4336c0c82b.jpg,640,640,neutral,0,0,640,640
Training_97270054_jpg.rf.b6b749ca76af0f70437e917b0e2deb16.jpg,640,640,neutral,0,0,640,640
Training_94142246_jpg.rf.b315515f271d765015f09a69b3045ce8.jpg,640,640,neutral,0,0,640,640
new_real-6-_jpg.rf.b701a5926517895a790376b845ca39c4.jpg,640,640,face_real,207,177,409,395
Training_93415231_jpg.rf.b95bf7e5d094bdcdb18a9302f2e0fcee.jpg,640,640,neutral,0,0,640,640
Training_99339110_jpg.rf.b9a86f364ca33c89e6824eb2f9cdd64f.jpg,640,640,neutral,1,0,640,640
real-14-_png.rf.ba7952f0431a46e60ee5553196902a80.jpg,640,640,face_real,140,67,495,563
real-30-_png.rf.bdd84422dea8eb66f5df389a7fd98bfb.jpg,640,640,face_real,131,35,544,588
Training_22098495_jpg.rf.bbdad30af798b63b220187a2bcef871c.jpg,640,640,neutral,0,0,640,640
Training_24232928_jpg.rf.bd3197f6c76a3e37e6138db5257b53c3.jpg,640,640,neutral,9,14,640,640
andr_video_4_frame35_jpg.rf.bb1eeddf3962b7cc59ad020bf6e76a06.jpg,640,640,face_real,154,119,504,402
real-86-_png.rf.bf2d1f33f29b6ada768240cfaa3d04b1.jpg,640,640,face_real,152,73,486,553
Training_92945817_jpg.rf.bcf88dda973614c28ce0a280b2354fa1.jpg,640,640,neutral,0,0,640,640
Training_99691598_jpg.rf.bb199194e751026ea85a254e46df15f7.jpg,640,640,neutral,13,13,640,640
Training_97875980_jpg.rf.b4b1d2ce4b727d7b4de1d078d8460dba.jpg,640,640,neutral,0,0,640,640
Training_93396539_jpg.rf.be31c28bf1a00160bb9fcd45a7563e16.jpg,640,640,neutral,0,0,640,640
new_real-46-_jpg.rf.bf79e06fd79858275a9612b772c867be.jpg,640,640,face_real,197,96,460,628
Training_22145627_jpg.rf.bf897f64e6ff2f89e842fb5cd6646479.jpg,640,640,neutral,19,5,639,640
Training_93010346_jpg.rf.bb1209643c9020d93a91918fd42290b0.jpg,640,640,neutral,0,26,640,640
Training_22936639_jpg.rf.bf948e82bafb9c4f60ce755a83a50347.jpg,640,640,neutral,0,0,640,640
new_real-30-_jpg.rf.be214165e5aeb5010c99421439bbb55b.jpg,640,640,face_real,156,227,476,523
Training_24297724_jpg.rf.b84ead59877f5c6bc649e23ba2cfb58c.jpg,640,640,neutral,0,0,640,640
Training_94342256_jpg.rf.be8acf4a9e1a0b6c3becbb61ee838b04.jpg,640,640,neutral,0,0,640,640
real-34-_png.rf.bf5f1dbaf5bf5b45a5007b8d64a5e905.jpg,640,640,face_real,104,81,480,570
andr_video_12_frame38_jpg.rf.b1b20e296a828d1f7c1a09863d0e7e8c.jpg,640,640,face_real,170,145,466,367
Training_95793305_jpg.rf.bf9b3a42ea4fc03ef2ef81c4d1990693.jpg,640,640,neutral,5,3,640,640
Training_96983999_jpg.rf.be546ce5b3222e1fd408166bf88d4ae4.jpg,640,640,neutral,0,0,640,640
real-46-_png.rf.bf9308c042f25a35a4c06533bcae00e1.jpg,640,640,face_real,174,85,503,492
real-32-_png.rf.c18ae3bf28d0160649130a2078ca452b.jpg,640,640,face_real,105,90,496,604
Training_95544608_jpg.rf.bab527bc9ed2b0e73af272338c49d2e6.jpg,640,640,neutral,0,0,640,640
Training_93016776_jpg.rf.ba3a9873c07429577b042b8cfb6b0669.jpg,640,640,neutral,0,0,640,640
Training_22224631_jpg.rf.c2cd1c11b29d8f1dca64dcb081ed9fe2.jpg,640,640,neutral,0,0,640,640
Training_96968179_jpg.rf.c0055a1008f364f35d81f7a8d98cea6f.jpg,640,640,neutral,0,3,640,640
Training_99020827_jpg.rf.bc3ae1af27571496caea880d18b890cd.jpg,640,640,neutral,19,5,639,640
Training_92711424_jpg.rf.c451f84346b5e3e8f8db83c80e47b818.jpg,640,640,neutral,0,0,640,640
Training_97237579_jpg.rf.c1a540b6f48239c5fa6e08bd360e6e18.jpg,640,640,neutral,0,14,640,640
Training_22506182_jpg.rf.c465bab3e85eff65080e1c538a3df81b.jpg,640,640,neutral,0,0,640,640
Training_94873629_jpg.rf.c5b9c78b6e983588b1504a8939ddca7c.jpg,640,640,neutral,0,0,640,640
Training_96207763_jpg.rf.c5719e6c975f401d402d4d43cc1dd6a5.jpg,640,640,neutral,0,0,640,640
Training_96129692_jpg.rf.c52e7b0ff70ca828f6beebd561d08612.jpg,640,640,neutral,0,0,640,640
Training_95827594_jpg.rf.c5cded96dafa1a194f7e8970d1f4fe4b.jpg,640,640,neutral,0,0,640,640
real-19-_png.rf.c1b6f5836fd409c5cebf8c1b0b60c77e.jpg,640,640,face_real,161,51,480,563
Training_99581423_jpg.rf.c3b7ddea27e80ef62d4b3985193a8f7a.jpg,640,640,neutral,0,0,640,640
Training_24312449_jpg.rf.c08aeeff850677d51036aad566d20fef.jpg,640,640,neutral,7,0,640,640
real-7-_png.rf.c6c6c78a76c246743c64263a5e7dbe2c.jpg,640,640,face_real,171,91,521,585
Training_22338639_jpg.rf.c27f5ff30ff482263fd0c8aa8c262a7d.jpg,640,640,neutral,0,0,640,640
real-89-_png.rf.c6eada9ba4ca40826e0d29b8d8256d33.jpg,640,640,face_real,156,83,481,555
andr_video_3_frame55_jpg.rf.c36101a9097eec7435419afaacce6d97.jpg,640,640,face_real,174,94,474,394
Training_97251307_jpg.rf.c639cdb423abedf07800356cb91e0403.jpg,640,640,neutral,0,0,640,640
Training_94818000_jpg.rf.c785dc250db7942e3a51471c4c45566c.jpg,640,640,neutral,0,0,640,640
new_real-13-_jpg.rf.c6159f7d09dad6a458889e6b66c1c3aa.jpg,640,640,face_real,242,193,413,475
Training_99369006_jpg.rf.c7fc2d10aca1d6640948318435a49ae6.jpg,640,640,neutral,0,0,640,640
new_real-56-_jpg.rf.bf50121ca41ad64922d1ec9962624e6b.jpg,640,640,face_real,64,136,464,522
andr_video_22_frame62_jpg.rf.c66ab294a6fa4cc01f884bbc1cbd3699.jpg,640,640,face_real,130,112,478,422
Training_96384657_jpg.rf.ca2c2a09f89cc6dab875398a99566ce0.jpg,640,640,neutral,9,9,640,640
Training_98881815_jpg.rf.ca7d6df6dc93c59849898593a39fd633.jpg,640,640,neutral,0,0,640,640
Training_23326726_jpg.rf.cb9ac7c4489047a5e0b0c829df06c8d4.jpg,640,640,neutral,0,8,640,640
new_real-1-_jpg.rf.c189c43b1923ba9a2e8d9544b76edfdc.jpg,640,640,face_real,308,226,441,540
Training_98900042_jpg.rf.caa21ed5fa40dfc73fb4f820b053ef53.jpg,640,640,neutral,0,0,640,640
Training_98470407_jpg.rf.cc6de8786a6cf709a1966db92635b38e.jpg,640,640,neutral,0,0,640,640
Training_24193682_jpg.rf.cd5e9998f1045c87524f7c943dd536b8.jpg,640,640,neutral,0,0,640,640
Training_92945567_jpg.rf.cdc5e5a39a57b09e9c04291f9d7bad42.jpg,640,640,neutral,0,0,640,640
Training_22962726_jpg.rf.ccb53e9d59d92c1ae7041c8af89b7e02.jpg,640,640,neutral,0,0,640,640
PrivateTest_44437242_jpg.rf.cb755101942c0d6a968a2aaeada5e25e.jpg,640,640,neutral,0,7,640,640
1-685-_jpg.rf.cfa81eaca2dd5c84b20ca074a995f973.jpg,640,640,face_real,213,140,414,501
Training_94367966_jpg.rf.d079136569998177c75069f8b93bf312.jpg,640,640,neutral,0,0,640,640
real-57-_png.rf.cc79a9db58de10a5e881ea108f87e774.jpg,640,640,face_real,161,69,493,563
new_real-55-_jpg.rf.cbc662be0ca018c97ab49d3ecfde7433.jpg,640,640,face_real,180,190,518,532
real-12-_png.rf.c47c1856ca0a0df12a30b985720d1616.jpg,640,640,face_real,150,103,477,561
Training_98951388_jpg.rf.ccab0ed48843a8350027b6e0ce9485fd.jpg,640,640,neutral,7,5,640,640
Training_94701485_jpg.rf.ccd895d43a6b86972edadaede2f36692.jpg,640,640,neutral,17,14,640,640
Training_94548979_jpg.rf.d350956c7610cca4603435da3a3c7e00.jpg,640,640,neutral,13,0,640,627
new_real-28-_jpg.rf.d297d1cd912d10c2b00c10850405435b.jpg,640,640,face_real,204,210,498,488
real-87-_png.rf.d08bf01beedc62f0534b825b3fe736d9.jpg,640,640,face_real,156,93,486,532
real-66-_png.rf.c9ec606a0b74643a6af36a4106fb08ab.jpg,640,640,face_real,137,65,477,578
new_real-27-_jpg.rf.d26a968ade45c9ea743ba302a51ccda8.jpg,640,640,face_real,180,167,487,493
Training_95241865_jpg.rf.d1dfcf7947ccca65e9169267e134b6c2.jpg,640,640,neutral,0,0,640,640
Training_93229303_jpg.rf.d44397d6db5ca0093d48f081e6aa93d9.jpg,640,640,neutral,0,0,640,640
real-53-_png.rf.ccc805bd1a28af8dbdc4406697b379a1.jpg,640,640,face_real,152,64,519,561
Training_98372437_jpg.rf.ceff0021565b8aa2cabf8b48a02f496d.jpg,640,640,neutral,0,0,640,640
Training_94200554_jpg.rf.d5eb71fe2b8a87cf29b16415ba5b99b8.jpg,640,640,neutral,0,1,640,640
Training_96386808_jpg.rf.d1839371b2c4233053fc1f104e9648bb.jpg,640,640,neutral,0,0,640,640
Training_95818727_jpg.rf.d72b9d5f45c7469a04a8cdc1bcbb4f64.jpg,640,640,neutral,0,0,640,640
Training_97774972_jpg.rf.d42855e044ab10a5e39f13f22f45a0f7.jpg,640,640,neutral,0,0,640,640
Training_24349875_jpg.rf.d7599fc8c6dda940276219a68b6c5fb4.jpg,640,640,neutral,7,5,640,640
Training_93764593_jpg.rf.d499288ded2c06d24b2dcdfd13911897.jpg,640,640,neutral,0,0,640,640
Training_99840794_jpg.rf.d670a14c2924c10b72810e58448ee708.jpg,640,640,neutral,0,0,640,640
Training_92910271_jpg.rf.d2d28a9960682aa43cacdc46ac924b33.jpg,640,640,neutral,0,0,640,640
Training_99607044_jpg.rf.d23c746e445eacbbf90a027ccf4e1408.jpg,640,640,neutral,0,0,640,640
Training_94918113_jpg.rf.dac11d5e0bc2dfd8746acf55dc637e7d.jpg,640,640,neutral,13,0,640,627
real-38-_png.rf.d7781cc1e413b8019d01899093ee853f.jpg,640,640,face_real,129,82,501,558
Training_99760416_jpg.rf.d7f03ed5b426631db3fffe6103af929c.jpg,640,640,neutral,13,13,640,640
andr_video_13_frame10_jpg.rf.d7b16ca9632fbb7281003da63a62f96c.jpg,640,640,face_real,152,134,462,364
Training_98470246_jpg.rf.d93650676e54e734bba7204ee3ecb033.jpg,640,640,neutral,21,9,640,640
Training_98971826_jpg.rf.db22a78409a3c98de6fe615dc5df4b1a.jpg,640,640,neutral,27,0,627,640
Training_94175819_jpg.rf.ce76a278468a59bf62009dc1e72a3457.jpg,640,640,neutral,0,0,640,640
real-93-_png.rf.db2a10a82cb7b19f08523d071c9a5dca.jpg,640,640,face_real,164,67,481,560
andr_video_12_frame64_jpg.rf.dd18740cc612af8128f0d1663db0b55e.jpg,640,640,face_real,95,84,460,400
Training_93080215_jpg.rf.d490b3837728d2a39cca030ea2e33d56.jpg,640,640,neutral,0,0,640,640
Training_95951240_jpg.rf.d8a7905bb78218ae4fd5ae0fd61966b7.jpg,640,640,neutral,0,0,640,640
Training_94334291_jpg.rf.db74981fbce80863b8b01abf8fb5c807.jpg,640,640,neutral,0,0,640,640
real-2-_png.rf.d70e3cd811d0241c8366826728e08dd2.jpg,640,640,face_real,155,79,522,589
Training_99396766_jpg.rf.de8ba42958e3c051aee85d4a4b376c84.jpg,640,640,neutral,0,0,640,640
Training_98825329_jpg.rf.ce449326a9ea705ad5397093977d2faa.jpg,640,640,neutral,17,10,640,640
andr_video_7_frame34_jpg.rf.da26cea268460e1a1db0fbd606058cd9.jpg,640,640,face_real,162,124,496,374
Training_95323574_jpg.rf.dd6993b065c9b91e6353e3c8bd049064.jpg,640,640,neutral,0,0,640,640
Training_96791074_jpg.rf.e04254ec630d381330765ae98f817c04.jpg,640,640,neutral,0,0,640,640
Training_92737071_jpg.rf.e19ac70ed94cce51a5744cd3d81b767c.jpg,640,640,neutral,0,0,640,640
ios_video_14_frame17_jpg.rf.de36ca82e68bb6e0127912d474c2cfb8.jpg,640,640,face_real,160,192,507,465
Training_93340149_jpg.rf.dafbdd625a2b24e7d39d314216ee50ad.jpg,640,640,neutral,17,14,640,640
1-395-_jpg.rf.dc886c33a8fe9ec07087bfbe230af2ca.jpg,640,640,face_real,159,169,491,533
real-83-_png.rf.dd53d7c0f95baa56de907f01aa23888e.jpg,640,640,face_real,163,109,492,537
Training_99768823_jpg.rf.e0ccfc85603d67ce5071e488c7580c92.jpg,640,640,neutral,30,0,640,640
Training_98303231_jpg.rf.d7a9bc30599d40acf17bec4ec95c96f4.jpg,640,640,neutral,19,9,639,640
Training_96163603_jpg.rf.e05261f84774520390ce83deec037dd3.jpg,640,640,neutral,0,0,640,640
andr_video_1_frame1_jpg.rf.d589ab529ff6a7a661ae472ff58ba00d.jpg,640,640,face_real,129,162,470,419
Training_93825091_jpg.rf.e2470bc83d57feff00e0bdf0af9b5d70.jpg,640,640,neutral,13,0,640,640
Training_22805885_jpg.rf.e5ae196136a54527ac29521f4537c4b6.jpg,640,640,neutral,13,0,640,640
Training_22275806_jpg.rf.e66a5e094a8d6397cd7ecceacea85e47.jpg,640,640,neutral,0,13,640,640
Training_21907322_jpg.rf.e6a872ebdfe4ed16d8662bb503e360ef.jpg,640,640,neutral,0,0,640,627
Training_95603084_jpg.rf.dba9bf4b2a87decac2b1fb09e8be4f23.jpg,640,640,neutral,0,0,640,640
0-1167-_jpg.rf.e68d504222cb4e29f2e54519a574f98f.jpg,640,640,face_real,177,110,465,389
Training_22384551_jpg.rf.e5eac994caf5cd7b94d04e7ff1d37b7b.jpg,640,640,neutral,0,0,640,640
Training_93353638_jpg.rf.e46b90242dc59185f3572df6bc2c117c.jpg,640,640,neutral,30,1,640,640
Training_23273095_jpg.rf.e9f66fcc0d0ae789004f2d6c2ee8c585.jpg,640,640,neutral,9,9,640,640
Training_99379678_jpg.rf.e782d70aa2b5d5e60bab2086e18d1fa7.jpg,640,640,neutral,0,0,640,640
Training_23393516_jpg.rf.e3d4213582bfcfb104e54f5cb4a9cfe6.jpg,640,640,neutral,0,0,640,640
Training_24127540_jpg.rf.e5e1da115ad78f559989b3c41a2bac65.jpg,640,640,neutral,0,0,640,640
andr_video_7_frame37_jpg.rf.e9e60b4aae82b8ef7d425784f6722fcb.jpg,640,640,face_real,148,109,480,392
ios_video_12_frame27_jpg.rf.e869016f5b4e95e0085a7f98feacc238.jpg,640,640,face_real,148,174,495,454
thereal22_jpg.rf.e7d469f6d84da9f4959ce890c0209ae1.jpg,640,640,face_real,141,229,466,564
new_real-15-_jpg.rf.e81e0139717d26be2836cb462881b562.jpg,640,640,face_real,209,240,433,465
Training_98626196_jpg.rf.e7f3f6dbd71783fa2c6faf1f89323204.jpg,640,640,neutral,10,0,640,640
Training_96380102_jpg.rf.ebf052b11d17519f94b7fed82cee579c.jpg,640,640,neutral,0,0,640,640
Training_94777525_jpg.rf.e873f8dfad5fbb66b1e364466e1af1fd.jpg,640,640,neutral,0,0,640,640
Training_93865180_jpg.rf.ea8325f855a93b62adb8d60b6ec67e69.jpg,640,640,neutral,7,1,640,640
Training_93758070_jpg.rf.ebeee66e0ea89e237781b21c4dd3b8af.jpg,640,640,neutral,0,0,640,640
andr_video_0_frame46_jpg.rf.ee7aed8239b2c0b49ba2fb35adc0b65d.jpg,640,640,face_real,131,39,461,375
Training_94160022_jpg.rf.e5058dc47b22aa3337a8a1d965b61320.jpg,640,640,neutral,0,0,640,640
real-28-_png.rf.f01f9c975ed9218ee9dbd217b9fdad5c.jpg,640,640,face_real,113,56,546,601
Training_97904226_jpg.rf.ea17b729891b847af1ba4e98551798b6.jpg,640,640,neutral,0,0,640,640
0-908-_jpg.rf.e9626a0c9ed59fd9912cfdb53f4b8c21.jpg,640,640,face_real,115,182,494,548
Training_96513738_jpg.rf.f0f52899d89132a7a507533e3f37299d.jpg,640,640,neutral,7,9,640,640
thereal24_jpg.rf.ef40656accf0e8f24209009b6b02d22e.jpg,640,640,face_real,154,174,483,498
new_real-25-_jpg.rf.ee14663e3fff0ac878e1ddb3251e5c06.jpg,640,640,face_real,156,217,484,485
1-349-_jpg.rf.ee38b0200378ef41c692d5d79bd919ce.jpg,640,640,face_real,90,107,530,480
Training_94906511_jpg.rf.edd47e16622e8f7b54e1a088b6d9609f.jpg,640,640,neutral,11,1,640,640
Training_95927170_jpg.rf.f2fae254f74b4388f115becd7ad7ebd9.jpg,640,640,neutral,0,0,640,640
Training_23146617_jpg.rf.f2901da53d38f60860de0170a23d2e4c.jpg,640,640,neutral,0,0,640,640
Training_97498285_jpg.rf.edbf9aa2b9b94cae8fa96d0f15e6af64.jpg,640,640,neutral,0,0,640,640
thereal4_png.rf.f21ba1147700f422e911654e9eeb0710.jpg,640,640,face_real,158,147,449,488
thereal2_png.rf.f2bff295f8d416a59c082000271a8a2f.jpg,640,640,face_real,147,205,503,507
Training_98229628_jpg.rf.f3d047e56575c9c970a94b1e0030bfec.jpg,640,640,neutral,0,0,640,640
Training_94828316_jpg.rf.f3c8ee6e11eaf5f6c7176d71bc18e348.jpg,640,640,neutral,0,0,627,640
andr_video_4_frame0_jpg.rf.f19858e48ddcb5b689b0234866a125d5.jpg,640,640,face_real,105,132,458,418
ios_video_9_frame7_jpg.rf.ea8fd3f6d7e358a98f2d3374c78dcc10.jpg,640,640,face_real,127,183,477,450
real-18-_png.rf.ef4fc42127c161bc056dd85168d2be8d.jpg,640,640,face_real,151,67,487,553
Training_93338175_jpg.rf.f17c35a7c3e72ed13b4c0ca589e9b6df.jpg,640,640,neutral,0,13,640,640
Training_99266316_jpg.rf.f5eb2ac4dc5084bb716e41bbf41fe555.jpg,640,640,neutral,0,0,640,640
Training_94318268_jpg.rf.f3da9efef693503888e1bb568609b9ac.jpg,640,640,neutral,0,0,640,640
real-44-_png.rf.f5324caef62b02dabd1d6ce8eaf36054.jpg,640,640,face_real,123,76,505,581
Training_97543172_jpg.rf.f4bdf6eaaf7662beca3c7b552f4909bb.jpg,640,640,neutral,19,16,640,640
Training_99108537_jpg.rf.f4f38ea02acc72a2fcc40fd69d09e30b.jpg,640,640,neutral,0,0,640,640
real-10-_png.rf.f8268b21a4c3084ee2dee5d48681ff39.jpg,640,640,face_real,161,76,533,578
Training_69984239_jpg.rf.eac88e8bb668e3cd64837d67ef88626f.jpg,640,640,neutral,0,0,640,640
Training_93997789_jpg.rf.f7ef444ebd266596da8d3b4ee454a436.jpg,640,640,neutral,13,0,640,640
Training_22002519_jpg.rf.f77061ddaa1b90a95b67626ce213d210.jpg,640,640,neutral,0,0,640,640
Training_21700887_jpg.rf.eb8e3d5709e58e313c6e10f4a1311680.jpg,640,640,neutral,0,0,640,640
thereal18_jpg.rf.f7d0f313cc3ef68fe89fca85c3140a5b.jpg,640,640,face_real,88,273,475,559
new_real-42-_jpg.rf.f6cfb99d89ed2be21e2277a6a2611ad8.jpg,640,640,face_real,171,152,471,533
Training_98951914_jpg.rf.f8fcba609847745f2df64b4d2e602ea7.jpg,640,640,neutral,17,9,639,640
andr_video_14_frame16_jpg.rf.fa267c9b0f5166669bf05de63f80a971.jpg,640,640,face_real,172,134,500,369
Training_96483405_jpg.rf.fa56176375097775662062c1fd37543b.jpg,640,640,neutral,9,0,640,640
real-4-_png.rf.f88207ec0b4535fd1c9e4240ad776883.jpg,640,640,face_real,161,90,523,561
Training_95419069_jpg.rf.f625889d18da109aac60e0b523285917.jpg,640,640,neutral,0,0,640,640
andr_video_8_frame44_jpg.rf.fb6f167ea1987a197239fb59322a8ab8.jpg,640,640,face_real,117,81,476,388
Training_99504759_jpg.rf.fceb8c8303957cd9408f254ba2e9777a.jpg,640,640,neutral,0,0,640,640
Training_93561071_jpg.rf.fb7f25c93ade3b9c1aa7194180cfc775.jpg,640,640,neutral,0,0,640,627
Training_24114446_jpg.rf.fbbe642cbbb9b6f926bbe378176b9366.jpg,640,640,neutral,0,0,640,600
andr_video_18_frame2_jpg.rf.f9500f33d61af69a97bf35e24916d376.jpg,640,640,face_real,138,157,512,421
Training_98527754_jpg.rf.fa4a5f3ac9da555a7ae9f85ce371f0c2.jpg,640,640,neutral,0,0,640,640
Training_22497045_jpg.rf.fedc698df4bdaa522d17db17d6012350.jpg,640,640,neutral,0,0,640,640
Training_97512270_jpg.rf.f88ce6d8686e688c0a98f223b591d8dc.jpg,640,640,neutral,0,0,640,640
Training_95952911_jpg.rf.f99552f76a784ecec600c8c6d1559ca9.jpg,640,640,neutral,0,0,640,640
real-39-_png.rf.ff7da409ed5a57abd7c2ea387220ee04.jpg,640,640,face_real,134,101,494,553
Training_96641462_jpg.rf.fbab7619907185c0887d863233ab8a21.jpg,640,640,neutral,9,3,640,640
new_real-10-_jpg.rf.fd0693e56eb89059d9319cc25a3a5e14.jpg,640,640,face_real,209,122,445,515
Training_95025437_jpg.rf.ff6efc565da497a00b32f91039d25fd9.jpg,640,640,neutral,5,5,640,640
real-59-_png.rf.fbb3b33a3a39e1ea6459f8647d59e4ee.jpg,640,640,face_real,151,90,484,558
Training_22310147_jpg.rf.fd407da9f0f5f488ab5406db16c2679d.jpg,640,640,neutral,1,8,640,640
Training_95061282_jpg.rf.fc88f5514318546a9bbe387d83c53795.jpg,640,640,neutral,0,0,640,627
Training_94139955_jpg.rf.f432e64ac0ea71f9c2c888c82510f965.jpg,640,640,neutral,0,0,640,640
Training_93962532_jpg.rf.ff74feeeeba4fcee32a8f89c3f2d0f98.jpg,640,640,neutral,0,0,640,627
andr_video_1_frame52_jpg.rf.fee2f771993e35458f36742ef26c4e9a.jpg,640,640,face_real,164,186,480,468
Training_22749183_jpg.rf.fa6aff6238455578c7d4eb88d419749b.jpg,640,640,neutral,0,0,640,640
Training_21769688_jpg.rf.fb1d060a1c944c724335075d2ef01f11.jpg,640,640,neutral,0,0,640,640
Training_98586357_jpg.rf.ffd0030b2b2da44909c06ed8696766a1.jpg,640,640,neutral,0,0,640,640
real-74-_png.rf.5523e0423cc11898925a40656221a7c5.jpg,640,640,face_real,112,53,535,605
Training_97724222_jpg.rf.555c70ef545ba5f015ec716d8658f3e8.jpg,640,640,neutral,0,0,640,640
Training_94660175_jpg.rf.568e9f78ba2eaeab10f0b2c50a6d217b.jpg,640,640,neutral,0,0,640,640
Training_96101836_jpg.rf.56c203ef2f0d892f32766ef953873721.jpg,640,640,neutral,9,1,640,640
new_real-12-_jpg.rf.570045ea2324b3384679923fb6cdfa26.jpg,640,640,face_real,214,142,445,535
Training_93514804_jpg.rf.58c4486f3ee4ab73e9e9c2b65096f308.jpg,640,640,neutral,0,0,640,640
Training_93529804_jpg.rf.58c79dfab2fa88169593a12819eef3bb.jpg,640,640,neutral,0,0,640,640
ios_video_21_frame2_jpg.rf.593414269f6f5486411b228c48120d2b.jpg,640,640,face_real,181,210,447,432
Training_96587642_jpg.rf.5764aa24a3c7cc0777dec4b21696fed7.jpg,640,640,neutral,0,0,640,640
thereal5_png.rf.582c33855c9424cc4c34c81f701f11bd.jpg,640,640,face_real,132,40,494,558
PrivateTest_14596578_jpg.rf.5942bbb5831aa31b707bdb44eb3dfb44.jpg,640,640,neutral,0,0,640,640
Training_99862686_jpg.rf.5a6f69d2f7bbeaf0b09cc0a9e25fa421.jpg,640,640,neutral,0,0,640,640
Training_93701188_jpg.rf.592d134bb0a5c60176e6fd9689df6623.jpg,640,640,neutral,0,0,640,640
Training_95531313_jpg.rf.5b00d4562f19d99122c357ab559ec6f1.jpg,640,640,neutral,0,0,640,640
Training_98793745_jpg.rf.5a6f963074eea362c1434518760361f5.jpg,640,640,neutral,0,0,640,640
real-69-_png.rf.59b1e5e2181bbad63d7d480660786d06.jpg,640,640,face_real,111,49,486,599
thereal17_jpg.rf.5b5cf76f6369de5ad28af486619e7db3.jpg,640,640,face_real,118,213,491,558
Training_94956700_jpg.rf.5ae8515a36558e6fcaf388e732e23251.jpg,640,640,neutral,13,0,640,640
Training_22729812_jpg.rf.582024b8deb713134b475b104a122084.jpg,640,640,neutral,5,14,640,640
andr_video_27_frame39_jpg.rf.581664024b8574f91676d966d1b8ea7f.jpg,640,640,face_real,148,25,456,296
Training_97436268_jpg.rf.5be02f617836d5cc1815d05bb4311eec.jpg,640,640,neutral,0,0,640,640
andr_video_17_frame4_jpg.rf.5b7dcb98b11e127b294c8ab34bb2a822.jpg,640,640,face_real,142,141,482,413
real-76-_png.rf.5c009a4f00e6667446486f3dc176e52c.jpg,640,640,face_real,164,130,461,532
Training_98911837_jpg.rf.5d108d3fd4283c7d4d8866a29f86e015.jpg,640,640,neutral,0,0,640,640
Training_23811500_jpg.rf.5cbf8c1fa8d4d6c46b8d12b1eb2517dd.jpg,640,640,neutral,17,9,639,640
PrivateTest_44883021_jpg.rf.5e35b3f0bfbdd02a7e092ec7abf488b2.jpg,640,640,neutral,0,0,640,640
Training_97904386_jpg.rf.5f94f3c461726eb5a6de6179966f58fa.jpg,640,640,neutral,0,0,640,640
Training_98740074_jpg.rf.5da5dedb815841155ed21a452c32cfcf.jpg,640,640,neutral,5,2,640,640
real-72-_png.rf.605866bc19d64618e9531c6b02cea899.jpg,640,640,face_real,114,62,506,599
0-1204-_jpg.rf.5da957ea9a9ca1f849d79c3551ffc9fa.jpg,640,640,face_real,158,147,479,428
real-5-_png.rf.5ec5d1b891891534cafb61a3c5130bcf.jpg,640,640,face_real,159,88,512,559
Training_98674285_jpg.rf.613669feb614c450ea529a8b0bcd7d83.jpg,640,640,neutral,0,0,640,640
Training_95270210_jpg.rf.60c3a9c8b71b748645fff102dbbc9287.jpg,640,640,neutral,0,0,640,640
Training_97421063_jpg.rf.6069541327ce787c4ed0c134fd3e4be0.jpg,640,640,neutral,0,0,640,640
real-41-_png.rf.5f58e462b467ac4e77aa5b31d062f545.jpg,640,640,face_real,127,92,478,562
1-391-_jpg.rf.5fff7b09b980fe552e254aac031f46cd.jpg,640,640,face_real,172,147,456,367
Training_93951116_jpg.rf.62416d5a0e7fe7ee6663f6f002e01050.jpg,640,640,neutral,0,0,640,640
Training_98403118_jpg.rf.5d2c818eea5e02030c7b775e05ada565.jpg,640,640,neutral,5,14,640,640
Training_93614183_jpg.rf.60f3dd4e961d3217451626c421d6ea54.jpg,640,640,neutral,9,1,640,640
new_real-11-_jpg.rf.639c59ce187a88d96463d954e87db846.jpg,640,640,face_real,231,198,410,505
Training_97267200_jpg.rf.626e13a5cfe01c23c992080841bb7113.jpg,640,640,neutral,0,0,640,640
Training_99021192_jpg.rf.6107a0914a313413323e14b0dd51cb7e.jpg,640,640,neutral,21,1,640,639
Training_21632717_jpg.rf.6381adcd2353de2194617d8ea82ff201.jpg,640,640,neutral,0,0,640,640
Training_93039446_jpg.rf.5f0cb40b0538aa08a17546845f6e9395.jpg,640,640,neutral,0,0,640,627
Training_95005201_jpg.rf.61a41fc169b0ff83ba4feda6f3e05628.jpg,640,640,neutral,0,0,640,640
Training_94071193_jpg.rf.5fe5b72618ea2dd049c6a455ee436f3d.jpg,640,640,neutral,13,0,640,640
Training_22980215_jpg.rf.6171d7b63e0e0e3303dd49dd6615cb1f.jpg,640,640,neutral,9,12,640,640
Training_99154797_jpg.rf.63c3a1944c6e8f4988ac1775f3da8d29.jpg,640,640,neutral,0,1,640,640
Training_92906434_jpg.rf.64b721381ec043a1229a3fb07582e7e5.jpg,640,640,neutral,0,0,640,640
Training_22954568_jpg.rf.65aaa4824b19d537f7cbb1d6f4790f4a.jpg,640,640,neutral,0,0,640,640
Training_22868101_jpg.rf.65618e552dbb98007b80d32dad1dcd40.jpg,640,640,neutral,0,0,640,640
ios_video_25_frame3_jpg.rf.66043a652c9ded9932e69ef2e0aa1ad8.jpg,640,640,face_real,199,203,445,435
Training_23275256_jpg.rf.61fff11bfe68030854b43bd7ecbc5bea.jpg,640,640,neutral,0,0,640,640
thereal8_png.rf.69821d80a42d66b5d70de3d4bc0b276d.jpg,640,640,face_real,188,227,458,545
Training_98224339_jpg.rf.69463facc3e0e2341357dd8c212cebff.jpg,640,640,neutral,0,0,640,640
real-84-_png.rf.60706746b18be704fb569620182cb7aa.jpg,640,640,face_real,136,113,478,534
andr_video_16_frame15_jpg.rf.6917c210db2d8e6355589f377794f60e.jpg,640,640,face_real,128,132,482,381
andr_video_1_frame102_jpg.rf.6ac8c12d64a030a384a0c0573ee165a9.jpg,640,640,face_real,170,176,482,468
Training_98777660_jpg.rf.68378d1d47742025dc389c5121288cfa.jpg,640,640,neutral,32,5,640,640
Training_24087530_jpg.rf.6992d5625e1a41e0cc2664c5816ca299.jpg,640,640,neutral,0,0,640,640
Training_95335611_jpg.rf.6242160280af0debebdfc7a55101c5c5.jpg,640,640,neutral,23,12,640,640
Training_95286502_jpg.rf.6be905dcefc7cdbe5e8c7803b05113fc.jpg,640,640,neutral,0,13,640,640
Training_96825126_jpg.rf.6be22def2f7274d3fed113ddc95051af.jpg,640,640,neutral,0,0,640,640
Training_94457993_jpg.rf.6c5c6c481d457bce4bcbe55342d12ddd.jpg,640,640,neutral,0,0,640,640
ios_video_5_frame7_jpg.rf.689fb80e3049e448e00b7e031f3c3904.jpg,640,640,face_real,142,200,492,463
Training_92783968_jpg.rf.6b440928ed0b606e00615863a2d74fbc.jpg,640,640,neutral,5,0,640,640
Training_23718703_jpg.rf.6bdb77306b56e902314d2b1936740141.jpg,640,640,neutral,9,5,640,640
andr_video_11_frame28_jpg.rf.69859fea7e25b25d06d1893449e54c2e.jpg,640,640,face_real,119,92,455,391
thereal20_jpg.rf.6b91dedc4465fc402acbe8ae83801248.jpg,640,640,face_real,135,94,490,531
1-1-_png.rf.67f543fc8902fbd805402ffcf284c725.jpg,640,640,face_real,179,137,505,512
Training_98483459_jpg.rf.67162e802770147b274a6c6a6c675cd1.jpg,640,640,neutral,13,0,640,640
real-94-_png.rf.6ae60a0163f33889b3a9cb4dc8f1e505.jpg,640,640,face_real,162,68,483,560
Training_99889904_jpg.rf.6dbea031b5a7f82c0bd66e37a993492d.jpg,640,640,neutral,21,9,640,640
real-91-_png.rf.6e25a9acac09b2849275c117408f9669.jpg,640,640,face_real,164,75,477,559
Training_94904487_jpg.rf.698bb24fec6985a4176137bc2f934c22.jpg,640,640,neutral,0,0,640,640
new_real-5-_jpg.rf.6f0d725f8e578cabe766c75d1d647605.jpg,640,640,face_real,134,179,497,496
new_real-19-_jpg.rf.6e2914f73b6846c4b707e4be286d07d2.jpg,640,640,face_real,189,158,442,425
Training_99503815_jpg.rf.6afec5e9e9795a55f6f8933615d614d3.jpg,640,640,neutral,0,0,640,640
Training_24160184_jpg.rf.6f5eefc4b6dfe2bdadeaced278f77662.jpg,640,640,neutral,0,0,640,640
Training_93591794_jpg.rf.6e79bb97be8a30ed3bc97ce83986dbee.jpg,640,640,neutral,0,0,640,640
new_real-41-_jpg.rf.6e27e22f6f2c4eae41cac75372b1790d.jpg,640,640,face_real,202,243,496,527
Training_99170268_jpg.rf.6c47c695b9d0b2d8a4a5853c6ea6f653.jpg,640,640,neutral,0,0,640,640
Training_98325157_jpg.rf.712dddbaf548fac4e6ed3e993e533d03.jpg,640,640,neutral,0,0,640,640
Training_22775223_jpg.rf.6b63de013cdba205e2ace56cb2bfd6b6.jpg,640,640,neutral,0,0,640,640
Training_23333178_jpg.rf.6f493239f8c68aa7a7425180968d676c.jpg,640,640,neutral,0,0,640,640
Training_96653166_jpg.rf.71701679f3efa5ede5b3d4ff00511c26.jpg,640,640,neutral,0,0,640,640
real-65-_png.rf.6ef0364aed1476390c6e407d25d9a314.jpg,640,640,face_real,154,75,501,572
new_real-57-_jpg.rf.73a179e0a87eef85de98a101f74082ec.jpg,640,640,face_real,202,210,469,488
Training_22386067_jpg.rf.6f53cbc8e5c016fc0121104aee229b4e.jpg,640,640,neutral,0,0,640,640
Training_93177841_jpg.rf.72023c90db9022a0d10563d394e94841.jpg,640,640,neutral,21,5,640,640
Training_99305179_jpg.rf.718a0d8dfb4141201062bce6fbbd4726.jpg,640,640,neutral,0,0,640,640
andr_video_11_frame69_jpg.rf.732fc62d10df6e9a24501bd1fb9cbc69.jpg,640,640,face_real,107,80,452,394
real-78-_png.rf.736a0ac7e0898ac0d48bfdff3810e63c.jpg,640,640,face_real,152,123,475,563
Training_99088484_jpg.rf.74f973984c94dff6016ab453fb3c3dda.jpg,640,640,neutral,30,1,640,640
Training_94776967_jpg.rf.754c893a73b03f836ca7e87d5c38720c.jpg,640,640,neutral,0,0,640,640
Training_23638657_jpg.rf.7643a67c433341896f5ff65779be16aa.jpg,640,640,neutral,0,0,640,640
Training_22687863_jpg.rf.75b3adf9d7984c967e5c8f9b9dad24c6.jpg,640,640,neutral,11,0,640,640
Training_93996981_jpg.rf.744b05bac01884e398f13eabad67e847.jpg,640,640,neutral,13,0,640,627
Training_23863204_jpg.rf.6b73323799a2bef2ff3ada500363dd27.jpg,640,640,neutral,9,9,640,640
andr_video_6_frame83_jpg.rf.76908a6ebd904e6e408a7ff1b334f515.jpg,640,640,face_real,134,111,496,396
Training_24375489_jpg.rf.736aa3b75c8eb8e923463fa0628ccf4f.jpg,640,640,neutral,21,5,640,640
Training_96980983_jpg.rf.74a4060f0b3479659457bcf50f28078c.jpg,640,640,neutral,21,9,640,640
Training_96749328_jpg.rf.78458706b36ddcdaa0bb0315c97cfb0d.jpg,640,640,neutral,0,0,640,640
Training_95221375_jpg.rf.7a873c01574100254477366bced1429e.jpg,640,640,neutral,0,0,640,640
new_real-17-_jpg.rf.723cb68893c64f0af7ee82caf24a9576.jpg,640,640,face_real,122,210,516,545
Training_94895479_jpg.rf.7404f62afeea875845f3a1c1c2a5851c.jpg,640,640,neutral,0,0,640,640
Training_97808527_jpg.rf.7b1f33fec07b9817f035543f4dc0b9f6.jpg,640,640,neutral,0,0,640,640
Training_95715005_jpg.rf.75499ebbae7128ffcf8795e3da9fc8ea.jpg,640,640,neutral,0,0,640,640
real-36-_png.rf.7b87c41f16846e0eeb1287cd32486a38.jpg,640,640,face_real,126,77,487,568
Training_24094391_jpg.rf.7a415247f07026ee15d326b8600b380f.jpg,640,640,neutral,0,13,640,640
Training_24084455_jpg.rf.7579ca99881dc03c68ae5f173997ce6d.jpg,640,640,neutral,0,0,640,640
Training_97243426_jpg.rf.7d4ba6b4fc84a131e71dae75cd19161f.jpg,640,640,neutral,0,0,640,640
real-73-_png.rf.757b9fcba7ec2a5e1299b9867a6092d1.jpg,640,640,face_real,88,84,546,599
Training_22148444_jpg.rf.7cbac9b5b1608817278f1130264f146b.jpg,640,640,neutral,0,0,640,640
Training_23718246_jpg.rf.7e6ea4978b61bad920b8c9665acde8a9.jpg,640,640,neutral,0,0,627,640
Training_24027041_jpg.rf.7e02fe0114a5df5ad39e309457367370.jpg,640,640,neutral,0,0,640,640
Training_99010157_jpg.rf.7c6d8660cea929aa94d90728c598d5d4.jpg,640,640,neutral,0,3,640,640
Training_94566740_jpg.rf.80531d5353fd3a7e6a09bcb3de6f4bd7.jpg,640,640,neutral,0,0,640,640
real-9-_png.rf.7f5e103f6a2629b911e09fb86c588253.jpg,640,640,face_real,164,85,515,566
Training_94184686_jpg.rf.7e10685e80b0f5999f87cd30c7340899.jpg,640,640,neutral,0,0,640,640
Training_99334821_jpg.rf.7da695f855bd1c93853f11e7e2423f53.jpg,640,640,neutral,0,3,640,640
real-26-_png.rf.74ba3bedb0d4cd414fe9ae340cde9064.jpg,640,640,face_real,172,118,475,567
Training_96300488_jpg.rf.79fc811ed9a2d243b407c8278dff9b19.jpg,640,640,neutral,0,0,640,640
new_real-22-_jpg.rf.7e8f6f69c910ffd420665d3062c18b38.jpg,640,640,face_real,265,158,414,327
Training_92910617_jpg.rf.7df8b4dc386989da25c9776db24a9924.jpg,640,640,neutral,9,3,640,640
Training_98958507_jpg.rf.7b59009d98c3ab9ba4b29125d6ed1cb0.jpg,640,640,neutral,13,13,640,640
Training_94314499_jpg.rf.8073f91901bed5a70f50378e28cf1571.jpg,640,640,neutral,0,0,640,640
Training_96770115_jpg.rf.7e8717c30293e195ebc4585fc72a680f.jpg,640,640,neutral,0,0,640,640
Training_24271828_jpg.rf.8035bc47f69c6932cb32bdd312b2fcfd.jpg,640,640,neutral,0,0,640,640
Training_98644350_jpg.rf.81c4d246c7d55c929b3c36f6859ad26c.jpg,640,640,neutral,0,0,640,640
andr_video_24_frame20_jpg.rf.80b7d2491fbcea1a6cd08f74ccc6dfa9.jpg,640,640,face_real,166,160,517,418
Training_97625645_jpg.rf.8227f7ec0f7c9cc42a74d30abbeb30fc.jpg,640,640,neutral,0,0,640,640
Training_97473898_jpg.rf.7a678b08b3d74457e5286189a44d8ffb.jpg,640,640,neutral,9,0,640,640
new_real-29-_jpg.rf.84248ae9b00791235e71e9e941dc69de.jpg,640,640,face_real,205,197,483,483
new_real-50-_jpg.rf.83a947d938294f72e0bb612afdc15786.jpg,640,640,face_real,128,89,578,522
new_real-3-_jpg.rf.74b09425ddf56d54027a2e97438ba195.jpg,640,640,face_real,121,214,513,534
Training_24022585_jpg.rf.8540b00cd79eeec9564ab77139e8b9ee.jpg,640,640,neutral,0,0,640,640
real-80-_png.rf.8594bc48791fbef78bd09760c0fc2e7f.jpg,640,640,face_real,139,121,501,573
new_real-21-_jpg.rf.86532f9c539f7bfb4c892e6175ff5590.jpg,640,640,face_real,254,227,416,388
real-1-_png.rf.8326257411777ee31503d0a2debd2a03.jpg,640,640,face_real,162,70,528,592
Training_97062053_jpg.rf.86be9804b08a594851b049b469046243.jpg,640,640,neutral,0,0,640,640
Training_22028428_jpg.rf.8685de66ea181708a0062c044736bd42.jpg,640,640,neutral,0,0,640,640
real-20-_png.rf.8a2ee31dbe24aa549a0e9fcaeed4a88d.jpg,640,640,face_real,147,69,484,562
Training_98426162_jpg.rf.7ef88ead8e13b446efba1c39be9a483e.jpg,640,640,neutral,0,0,640,640
new_real-54-_jpg.rf.8c418c609939123aaa4453471fdd0f42.jpg,640,640,face_real,114,125,578,544
Training_93114630_jpg.rf.8928127fac769c934f1f1d244a0648ad.jpg,640,640,neutral,0,0,640,640
new_real-36-_jpg.rf.8dd2f3284638a5aaadbd5a9629777d1c.jpg,640,640,face_real,180,200,440,480
Training_99139714_jpg.rf.85600b929c11b1acab4c6cc6a87b1b90.jpg,640,640,neutral,0,0,640,640
Training_23139059_jpg.rf.8d8f6c533796ea34dee7e6825a9d8178.jpg,640,640,neutral,13,13,640,640
Training_97415939_jpg.rf.898204d77280c352343d941c4a115cc6.jpg,640,640,neutral,0,0,640,640
Training_94835141_jpg.rf.84333aa9dae0a01e9ef24d79df932148.jpg,640,640,neutral,13,0,640,640
Training_93148238_jpg.rf.880f1d3848f6ce4c56a4c48b5069e161.jpg,640,640,neutral,0,0,640,640
Training_22247381_jpg.rf.89d7a2bcd2843c7e9c72edeb95d35d2c.jpg,640,640,neutral,9,0,640,640
Training_98532283_jpg.rf.803e132c2234e1500c3f200fdba559b6.jpg,640,640,neutral,0,0,640,640
Training_97816945_jpg.rf.88edc530cbaf012e9fb33db6da56461a.jpg,640,640,neutral,0,0,640,640
andr_video_0_frame0_jpg.rf.8a762720519203242fe2d4eaf76113fa.jpg,640,640,face_real,91,104,531,479
Training_93023688_jpg.rf.8e813e6c063509406e8be9ce9581029d.jpg,640,640,neutral,0,0,640,640
new_real-39-_jpg.rf.8fbdc7c5d164bc75f1b75d6d9d0bdc80.jpg,640,640,face_real,209,177,460,482
Training_23847381_jpg.rf.9050aa20d790c95629d22820d2f1766d.jpg,640,640,neutral,0,0,640,640
Training_98667765_jpg.rf.8b5025afa59c3687aec1f439fd0329c9.jpg,640,640,neutral,0,0,640,640
andr_video_20_frame35_jpg.rf.913ea489a5298fad42508763c9c1d28d.jpg,640,640,face_real,162,168,510,420
Training_97843698_jpg.rf.8f3dfc69f59d79e86dfbab19305fa65a.jpg,640,640,neutral,10,0,640,640
Training_96649793_jpg.rf.912d13787035184a178f3ac73b02050f.jpg,640,640,neutral,23,16,640,640
Training_92740138_jpg.rf.9187ae528e7ed0d052664a68fc5dcbcb.jpg,640,640,neutral,0,0,640,640
thereal6_png.rf.8ded3a7e12567c17b4d90f045d2fed69.jpg,640,640,face_real,159,108,465,523
Training_97876144_jpg.rf.9085286abc37d2cb574624db94bc7af7.jpg,640,640,neutral,0,0,640,640
Training_98985854_jpg.rf.8eb875fd59a11f86b31d68dea366c4f2.jpg,640,640,neutral,30,16,640,640
andr_video_9_frame8_jpg.rf.91fdf478a3395ba347f4a4eb4f5ad950.jpg,640,640,face_real,134,129,466,369
Training_95832106_jpg.rf.917c1eb940d45cbd272afa125b074ee0.jpg,640,640,neutral,5,9,640,640
Training_99653264_jpg.rf.905aa3e0214ab3e7da4e4648090ad481.jpg,640,640,neutral,0,0,640,640
Training_98327449_jpg.rf.901bac8a70d202ac9d89d315f7336ffb.jpg,640,640,neutral,0,0,640,640
Training_97483483_jpg.rf.87dbe216ff50e36e057b7c44e5458b55.jpg,640,640,neutral,0,0,640,640
Training_97571317_jpg.rf.93990d85be865cd0d7de846cee6c52f9.jpg,640,640,neutral,0,0,640,640
Training_22002049_jpg.rf.9248e75eff2d195067f187c50b538ec7.jpg,640,640,neutral,0,0,640,640
Training_95113504_jpg.rf.93f0733068cfd2e1d799e3bdda6056a0.jpg,640,640,neutral,7,1,640,640
real-3-_png.rf.9302bba80ac1bc96477b8d34010a40a6.jpg,640,640,face_real,165,86,519,577
new_real-34-_jpg.rf.940726ffb02f85fff368f7b27581cb86.jpg,640,640,face_real,145,170,485,530
new_real-16-_jpg.rf.94510d85c0a33ffca03ad4f6b2b51feb.jpg,640,640,face_real,142,250,501,497
Training_93356173_jpg.rf.951b0609127d5aac891b646b35321ae9.jpg,640,640,neutral,0,0,640,640
new_real-52-_jpg.rf.8c545a149ae8cf3da240a011d4e5f60f.jpg,640,640,face_real,142,168,522,560
Training_99569677_jpg.rf.960ba7903c7fed7a4011e6fdb72c8326.jpg,640,640,neutral,0,0,640,640
real-58-_png.rf.923676ec9bf76900a9537cf95dedede3.jpg,640,640,face_real,193,78,522,564
Training_98084650_jpg.rf.9523a9b603eb9f2dd6d207cc489fbdeb.jpg,640,640,neutral,0,13,640,640
Training_96403885_jpg.rf.928ef8b9b64aa02bf454047a565a8ab1.jpg,640,640,neutral,9,12,640,640
andr_video_5_frame51_jpg.rf.93b23fc2a3f472eb122b77da76ffb8cf.jpg,640,640,face_real,152,111,494,398
Training_93775428_jpg.rf.949986a5938d26622ae9d9f6c44771ba.jpg,640,640,neutral,9,14,640,640
andr_video_17_frame55_jpg.rf.95b4f4a5a82fa7239540bb7a8724ceb7.jpg,640,640,face_real,122,86,502,434
real-63-_png.rf.97c9eef07408b43adb0d218585cfef1a.jpg,640,640,face_real,154,80,487,566
new_real-7-_jpg.rf.99808017dc61bd95f6eeae035b26ec8c.jpg,640,640,face_real,124,168,492,524
Training_98826048_jpg.rf.928dfc763ce0968c099052721972be6e.jpg,640,640,neutral,0,0,640,640
andr_video_16_frame23_jpg.rf.964460c412a22bb0e82716d902e0245c.jpg,640,640,face_real,109,98,496,431
Training_94135970_jpg.rf.98d276821d7c24e14032ce1d50e6bbcc.jpg,640,640,neutral,0,0,640,640
real-81-_png.rf.9aa9b5c9cd9de41493b6a89e98a06774.jpg,640,640,face_real,149,102,500,571
Training_93386110_jpg.rf.9b1a9ef555cfcb5e639315eb51ef34b8.jpg,640,640,neutral,0,0,640,640
Training_93345487_jpg.rf.9179656276572ed03e5395a7ba816eba.jpg,640,640,neutral,0,0,640,640
real-62-_png.rf.9cb31971c7710f7353e0b1ff0385e458.jpg,640,640,face_real,155,87,466,548
Training_93317203_jpg.rf.9cba394f23f2233e2231642848980d6d.jpg,640,640,neutral,0,0,640,640
Training_93700505_jpg.rf.9a362b1f0f7f0c2749fed7af3665a6e9.jpg,640,640,neutral,9,9,640,640
Training_96278012_jpg.rf.9bc417bb1a3952743e4ae75edcdd362d.jpg,640,640,neutral,0,0,640,640
real-33-_png.rf.96aa3b59abd4d280134969aec76a1bfd.jpg,640,640,face_real,137,97,503,541
Training_96851033_jpg.rf.9d9c0cacf48ec904be627f614dc4ebef.jpg,640,640,neutral,0,0,640,640
Training_93002427_jpg.rf.a00b90a255387d66d80195053c360447.jpg,640,640,neutral,0,0,640,640
Training_95208616_jpg.rf.9b30c998b3d1e20aecc44bb0d8f6bf08.jpg,640,640,neutral,0,0,640,640
real-95-_png.rf.9ffb465db95a019924bfb7568b1c8d93.jpg,640,640,face_real,167,71,480,563
Training_24305305_jpg.rf.9e40d01f86e6022b888bab7816f90d3b.jpg,640,640,neutral,0,0,640,640
Training_22981341_jpg.rf.a05201f8bdc7bab015c05a7d40719ec1.jpg,640,640,neutral,5,9,640,640
real-25-_png.rf.98abd45b99306d59ef653ee8f6f7c024.jpg,640,640,face_real,156,113,480,553
Training_93686891_jpg.rf.a2f2205819e206da2c846847de2b66e7.jpg,640,640,neutral,0,0,638,640
Training_99746769_jpg.rf.a17e4c188dfc84f3d2f56d5be4117c8b.jpg,640,640,neutral,0,0,640,640
Training_94887686_jpg.rf.99b9cfe8735561068724c23013221582.jpg,640,640,neutral,0,0,640,640
Training_99878127_jpg.rf.a1c444b0ebaf97ab82b502fb6c9af23e.jpg,640,640,neutral,0,0,640,640
Training_92732279_jpg.rf.9d479b2ed217179bce8947fff3e1d410.jpg,640,640,neutral,0,0,640,640
Training_96429554_jpg.rf.9e66aae642d2f86afcac5e660d597017.jpg,640,640,neutral,0,0,640,640
Training_21831570_jpg.rf.96e834d0f0b92d4b530d0a92c12bc882.jpg,640,640,neutral,0,0,640,640
new_real-48-_jpg.rf.9811040cab0e928b63299e77167919c4.jpg,640,640,face_real,119,167,554,577
Training_23537726_jpg.rf.9f31f0a5dacf28f845caa7c9f6cbe574.jpg,640,640,neutral,0,0,640,640
new_real-33-_jpg.rf.9cf1d666e49d98e3bd3a0a449d91b61f.jpg,640,640,face_real,136,157,485,520
Training_97010208_jpg.rf.a2350657c48b3840460b492f0098f724.jpg,640,640,neutral,0,13,640,640
Training_23147095_jpg.rf.a382aecd7e74abc7fc16157a566b7b6b.jpg,640,640,neutral,9,1,640,640
Training_97392241_jpg.rf.a6488d1a6f9aaa18904873e2960d1688.jpg,640,640,neutral,23,5,640,640
Training_22851386_jpg.rf.a6be39fe0973ba3986ba72bbfa07fc68.jpg,640,640,neutral,0,0,640,640
andr_video_13_frame56_jpg.rf.a5600b69d311eeb0e35a26a6575b4638.jpg,640,640,face_real,109,96,462,406
Training_99312377_jpg.rf.a750ecf3ecb7381831b4414453e606ec.jpg,640,640,neutral,13,13,640,640
Training_94414573_jpg.rf.aa7174e92651624d0b2015b96cdc169b.jpg,640,640,neutral,0,0,640,640
Training_94261625_jpg.rf.a89d75e7b77d4c14aa9bbe1a6e91855f.jpg,640,640,neutral,11,5,640,640
Training_96249610_jpg.rf.a4c9a64774840c5ad934b90b497baa55.jpg,640,640,neutral,21,12,640,640
Training_94346154_jpg.rf.a3439c87fc20c55615118e6abb3aca89.jpg,640,640,neutral,0,0,640,640
Training_99672252_jpg.rf.a4ea2290a55c87f96651dd2d8c01be2f.jpg,640,640,neutral,0,0,640,640
andr_video_11_frame18_jpg.rf.a1fbfb1b26d665b6389d0185cb6a6f92.jpg,640,640,face_real,150,96,480,366
Training_94472640_jpg.rf.ab49e172738595627d0171f19e9ba394.jpg,640,640,neutral,13,0,640,640
Training_98144439_jpg.rf.abd0611463915c2701a5dbb4b7070f46.jpg,640,640,neutral,0,0,640,640
Training_24011077_jpg.rf.a99ea45f5c884d0c94f058be580d3b81.jpg,640,640,neutral,1,0,640,640
Training_99270563_jpg.rf.acd63d12dc3bee20a59320f89d451347.jpg,640,640,neutral,5,16,640,640
Training_24301044_jpg.rf.aab42c0c1232c9c0d26ad92a42d84d96.jpg,640,640,neutral,9,3,640,640
Training_24276462_jpg.rf.9f3b485514ca7e1ebf2966cc22d6f98d.jpg,640,640,neutral,0,0,640,640
Training_94506205_jpg.rf.a301ab7db3287a3235e3d3cab41882c4.jpg,640,640,neutral,21,14,640,640
Training_96959294_jpg.rf.ace443eb482506e7df7aa1eb0158177f.jpg,640,640,neutral,1,0,640,640
Training_93661656_jpg.rf.ae9bb3cc83a1b19d229d6cd27c375397.jpg,640,640,neutral,0,0,640,640
Training_92944325_jpg.rf.a51e98e20be42079a1777f8db4be5d29.jpg,640,640,neutral,0,0,640,640
Training_93839688_jpg.rf.b101cb4cebcde5c177f1d29807392227.jpg,640,640,neutral,0,0,640,640
Training_94271931_jpg.rf.a3aad1bac24aa845bb4bdd454ebcafb6.jpg,640,640,neutral,17,16,640,640
andr_video_18_frame47_jpg.rf.af1d6d4d9ff979f3782da759e1a7b7b0.jpg,640,640,face_real,139,129,461,400
Training_95849049_jpg.rf.abf308eb760e6b85745606e700da7401.jpg,640,640,neutral,0,0,640,627
ios_video_2_frame27_jpg.rf.ae4c9290ec85ebba658b440f8980f0dd.jpg,640,640,face_real,142,200,492,460
new_real-14-_jpg.rf.abead724407aa18acd68e12d866488fd.jpg,640,640,face_real,129,251,524,599
Training_23529439_jpg.rf.ad5909d22afc4abfe7445e8d0f6b29b2.jpg,640,640,neutral,11,1,640,640
Training_21689607_jpg.rf.a78ed0cfc6fab3b65f0f39ae7cedca03.jpg,640,640,neutral,0,0,640,640
Training_99878414_jpg.rf.ae873e2f99ea93afe77de25b312d6edc.jpg,640,640,neutral,17,5,639,640
Training_94390206_jpg.rf.a7f52b515457af610e5e66c9805e11c3.jpg,640,640,neutral,0,0,640,640
Training_21805972_jpg.rf.aea68bed44295541b21c3d649f6d6039.jpg,640,640,neutral,1,0,640,640
Training_23119822_jpg.rf.02164b1fd0ff692855880c8c3b37b02d.jpg,640,640,neutral,0,0,640,640
Training_98838891_jpg.rf.026ba5cd3e16c814a2c7b117a35616a0.jpg,640,640,neutral,28,9,640,640
Training_22686832_jpg.rf.02934007102123b887b55882577fb6d1.jpg,640,640,neutral,17,22,640,640
Training_23673434_jpg.rf.039c908ac90560c015d11f900d6746d9.jpg,640,640,neutral,0,0,640,640
Training_93972998_jpg.rf.03a16c72db3ac72e1e386eb52a00648a.jpg,640,640,neutral,0,0,640,640
Training_93911083_jpg.rf.03b3440586ba5f7c7c656f6621f16364.jpg,640,640,neutral,0,0,640,640
Training_23696276_jpg.rf.0560d724fc4421ae9d6dd5fec72f1cbb.jpg,640,640,neutral,0,0,640,640
Training_97354790_jpg.rf.05b996a2908491cd6fa257663774fcd4.jpg,640,640,neutral,0,0,640,640
Training_99435068_jpg.rf.06148a872f23a809000586ba31385869.jpg,640,640,neutral,0,0,640,640
Training_93295669_jpg.rf.07030218cd9acbe710a8aef17e6a034b.jpg,640,640,neutral,13,0,640,640
Training_96375215_jpg.rf.07960b586eb63f0568eacb8476966a2d.jpg,640,640,neutral,17,5,639,640
ios_video_20_frame28_jpg.rf.01fe6348a5868e927a56e7c88d1da5ce.jpg,640,640,face_real,181,207,453,428
Training_95157473_jpg.rf.0497f49bc78113919706d5ee56261bc1.jpg,640,640,neutral,0,0,640,627
Training_23042343_jpg.rf.06df3fa45dbe0708a3976d2e35092494.jpg,640,640,neutral,0,0,640,640
real-8-_png.rf.07d5bef95f65c53b10afa5091c7751bc.jpg,640,640,face_real,160,103,544,580
real-82-_png.rf.0829d1dee881b36be2d77d5c5454291f.jpg,640,640,face_real,174,107,489,540
real-6-_png.rf.0847d80b7eab1d267c6410fa6bcbbbf4.jpg,640,640,face_real,158,94,520,566
Training_97237468_jpg.rf.0638e291f1c570b60f6a65851752b250.jpg,640,640,neutral,0,0,640,627
real-22-_png.rf.06fa9dee11b9d7d937d76e301363d137.jpg,640,640,face_real,160,88,502,568
Training_93249721_jpg.rf.087529b7dd9353328a2d00a7a1d369bf.jpg,640,640,neutral,0,0,640,640
ios_video_17_frame22_jpg.rf.086d041142166237b201e44a387f5362.jpg,640,640,face_real,175,212,459,437
Training_22215641_jpg.rf.08ed575f632a5750d854650886167a73.jpg,640,640,neutral,5,5,640,640
Training_93890708_jpg.rf.09118a9360bdd238bfab791d5238e7f5.jpg,640,640,neutral,17,14,640,634
Training_23022416_jpg.rf.08e56c2a8ed37615d7455ab5fb06803b.jpg,640,640,neutral,0,0,640,640
new_real-31-_jpg.rf.094b1378e5de4883ebc4cc965266f1e4.jpg,640,640,face_real,216,210,471,458
Training_22941956_jpg.rf.0ca4be493f3e9fc2c1a1ca772c877a54.jpg,640,640,neutral,1,1,640,640
Training_95315789_jpg.rf.0cb74b10730ecdb1f869c4cdf37f9e46.jpg,640,640,neutral,0,0,640,640
Training_94641979_jpg.rf.0b153074ae8d02a6ee184d1652b3191c.jpg,640,640,neutral,0,0,640,640
real-42-_png.rf.081f773e175e945795cd0e7bd0b4426f.jpg,640,640,face_real,139,91,485,567
Training_98462092_jpg.rf.0c90dab411b0bbf689e00ef185d25da4.jpg,640,640,neutral,0,0,640,640
Training_98483281_jpg.rf.0b2714c6de796afdea07a77d9cb7f0c1.jpg,640,640,neutral,0,0,640,640
Training_93068651_jpg.rf.0d4d0ebcaddfaf91af05207b185710b0.jpg,640,640,neutral,0,0,640,640
real-92-_png.rf.0dd2580f79fafc54fc352f7217b4a794.jpg,640,640,face_real,164,59,484,560
Training_99837913_jpg.rf.0dd787bca278f0158baa31d84d343237.jpg,640,640,neutral,13,0,640,640
new_real-18-_jpg.rf.0a6dc56bdbe868d0ff548b98ff47bafc.jpg,640,640,face_real,258,290,469,517
andr_video_25_frame10_jpg.rf.0b5bd6a24736396f52d79a9da461458a.jpg,640,640,face_real,174,91,492,355
Training_22345311_jpg.rf.0f889b0612c62c4a7cc3f70ba70eb072.jpg,640,640,neutral,9,12,640,640
new_real-9-_jpg.rf.0f2e1485a382816d9a5ed9600141d769.jpg,640,640,face_real,149,183,478,502
real-11-_png.rf.104a64071cf2b8b86c1a84a058ec2f89.jpg,640,640,face_real,140,89,496,567
Training_93956231_jpg.rf.0f96dc0a3acda647ddab43cb939b1711.jpg,640,640,neutral,0,0,640,640
Training_96219158_jpg.rf.0fdfbbf5713bd9fc63f235a255bdf9b0.jpg,640,640,neutral,9,12,640,640
Training_97256484_jpg.rf.1026ff2d3df6c24b20df005427a147b9.jpg,640,640,neutral,1,0,640,640
Training_96846679_jpg.rf.0d1de8555196a2cdfd86b552caa20b4b.jpg,640,640,neutral,0,0,640,640
Training_92842507_jpg.rf.0b32d4a1002aec0c3427067a53cecdb5.jpg,640,640,neutral,0,0,640,640
Training_93615095_jpg.rf.10554398b94d65eb6bd2987477d75cd0.jpg,640,640,neutral,9,9,640,640
andr_video_8_frame4_jpg.rf.0e0a3cf28a187b3e7893f8ba7324e592.jpg,640,640,face_real,109,130,450,367
Training_96029507_jpg.rf.106238d4caf9d3bb052572b0d5e9aa95.jpg,640,640,neutral,0,0,640,640
Training_93321883_jpg.rf.12385d824c5049642a2e83cd39a06c0b.jpg,640,640,neutral,2,1,640,640
Training_98448283_jpg.rf.0ba5972ebe45af6c4749a2073e73562d.jpg,640,640,neutral,2,2,640,640
Training_22446551_jpg.rf.109d9884c364c3b938c15c324f5b078a.jpg,640,640,neutral,0,0,640,640
real-29-_png.rf.126f78f1e507d4ec9e1c74b84b7cd602.jpg,640,640,face_real,139,75,536,588
Training_95419401_jpg.rf.0d9c68cee7cf1068e00c6bfd950a58df.jpg,640,640,neutral,0,0,640,640
new_real-23-_jpg.rf.106896f631779b939930b08a187a72c1.jpg,640,640,face_real,215,197,434,552
Training_93866871_jpg.rf.11f224159324190a2a7cf0493dd3c3fd.jpg,640,640,neutral,0,0,640,640
Training_95304553_jpg.rf.135fd60e9dd59ebb6cdf272ad6e502ea.jpg,640,640,neutral,0,0,640,640
Training_94716682_jpg.rf.1554722abc24f54bb83bf50d23fb0a3e.jpg,640,640,neutral,13,0,640,627
Training_21800519_jpg.rf.0fa54f0e55a9eb26625149a35995ed4e.jpg,640,640,neutral,0,1,640,640
Training_97921418_jpg.rf.1333f7a534bb5ac2a1ba802426f400e8.jpg,640,640,neutral,0,0,640,640
andr_video_10_frame15_jpg.rf.15de3833ba6e6e572fcac8eaa55ec4bc.jpg,640,640,face_real,152,120,478,388
0-964-_JPG.rf.15ea50649f224ac90182c8fddcd2cc4e.jpg,640,640,face_real,168,162,512,496
Training_94567512_jpg.rf.0fe820afa00962a00987ae9e672dde78.jpg,640,640,neutral,0,0,640,640
Training_97709842_jpg.rf.15e671d02cc5e9570d210fec03d1eb64.jpg,640,640,neutral,0,0,640,640
Training_96926453_jpg.rf.1431bda4b51bfba544431d8d1405a7a7.jpg,640,640,neutral,0,0,640,640
new_real-20-_jpg.rf.16df1ee3da90f9733ace42d0058a7e1f.jpg,640,640,face_real,251,273,411,425
Training_22975509_jpg.rf.13bf5de8e8aeccd3696c1072ffb7f408.jpg,640,640,neutral,1,0,640,640
Training_23910102_jpg.rf.19cda2a07c725076919686a126185fc5.jpg,640,640,neutral,0,0,640,640
Training_94257884_jpg.rf.1af858196d7bf68d18b91065f263c7f5.jpg,640,640,neutral,0,0,640,640
real-90-_png.rf.1707d3da587b0edad73dd059f1fc3d93.jpg,640,640,face_real,162,62,482,548
Training_99088787_jpg.rf.1982ed6a832c8a36ddd18c080e4fbbd5.jpg,640,640,neutral,13,13,640,640
Training_23652242_jpg.rf.168aa3cbf31e4e048471539642dac210.jpg,640,640,neutral,0,0,640,640
Training_96032798_jpg.rf.168c8175f55a1da2b1e934c823fa43ed.jpg,640,640,neutral,0,0,640,640
Training_92776104_jpg.rf.181b982b65481a0c8cfce397964afa90.jpg,640,640,neutral,0,0,640,640
Training_23893514_jpg.rf.17bf41c58a5c7b1f6e1e2db25df126a5.jpg,640,640,neutral,0,0,640,640
Training_97467364_jpg.rf.1a3fa632059586659a8812d0793c1f3f.jpg,640,640,neutral,7,1,640,640
Training_95102524_jpg.rf.1cf6d228efacf665b46bcd098db5c022.jpg,640,640,neutral,0,0,640,640
Training_98523342_jpg.rf.1cd33c1e34a32c8a827c48805716e890.jpg,640,640,neutral,0,0,640,640
Training_96902517_jpg.rf.1ba585a0b49fa857c5e80452c31ea288.jpg,640,640,neutral,0,0,640,640
real-35-_png.rf.161590adcd70015e75c9ac581c6d6dd1.jpg,640,640,face_real,83,80,462,560
Training_98871196_jpg.rf.1a325f1688e25f44b09818206df07a69.jpg,640,640,neutral,17,14,640,640
Training_95872082_jpg.rf.206599d104d870a82beb4885d4730d0f.jpg,640,640,neutral,0,0,640,640
Training_23079939_jpg.rf.17caad33a1f0c657497227609415437a.jpg,640,640,neutral,0,0,640,640
andr_video_14_frame76_jpg.rf.217c7d01c573a960a0a5034b8af96101.jpg,640,640,face_real,113,53,460,380
new_real-32-_jpg.rf.11937f04c3bb2983f856f81fe7a9bd50.jpg,640,640,face_real,120,217,427,483
thereal9_png.rf.23321672b71fa9503446f329ca518c54.jpg,640,640,face_real,147,71,477,515
Training_95644104_jpg.rf.20d596609e20cfe0619cbe9cba9df44d.jpg,640,640,neutral,0,0,640,640
ios_video_7_frame7_jpg.rf.176fad952ae9b0a39c5d921d5a0fa215.jpg,640,640,face_real,166,188,486,457
Training_94677574_jpg.rf.22d635bd020e498cdc91e97ed335a9b6.jpg,640,640,neutral,0,0,640,640
Training_24066606_jpg.rf.1b2fa40d32bc50ee3ad1f3c48f076a48.jpg,640,640,neutral,11,1,640,640
new_real-45-_jpg.rf.194df3e8fa8b800113bea78b213a2670.jpg,640,640,face_real,205,75,475,629
Training_98013147_jpg.rf.23851b5bd3adf2e651134ddef3af221b.jpg,640,640,neutral,1,0,640,640
Training_95070303_jpg.rf.1d0a8303055ad5a71ee8eb9a90ff6c7a.jpg,640,640,neutral,0,0,640,640
real-37-_png.rf.244b45b3f4b19e7beea0aa3a765eff68.jpg,640,640,face_real,116,82,498,573
Training_98500958_jpg.rf.21f0c7ed76cc0d2adc9f40c965f09019.jpg,640,640,neutral,0,0,640,640
Training_94217704_jpg.rf.1c919c26e1606d73cea228c2b6a7870b.jpg,640,640,neutral,9,0,640,640
new_real-38-_jpg.rf.1f7ddd08355e2d429d9ec260fc0cbcad.jpg,640,640,face_real,193,218,480,512
Training_24187541_jpg.rf.2324e4ff83a9a717cde855a86c9ca23c.jpg,640,640,neutral,0,0,640,640
new_real-4-_jpg.rf.262f5ac808a85b55bb442fcc7cdd1d5a.jpg,640,640,face_real,106,186,573,610
Training_94277958_jpg.rf.2553d9a37c30faa1685bf49370d86d88.jpg,640,640,neutral,0,0,640,640
Training_97066669_jpg.rf.267aba799b3726cf24fb2be032d88f07.jpg,640,640,neutral,0,0,640,640
Training_95271707_jpg.rf.20e90ed1eda74b0d9911d23eee4fb50e.jpg,640,640,neutral,0,0,640,640
Training_95093678_jpg.rf.251b17291021df0bb68a427f5d7a6f7a.jpg,640,640,neutral,9,9,640,640
Training_22422757_jpg.rf.22b4f8e328eeb6840c9ae988ec1672b9.jpg,640,640,neutral,0,0,640,640
Training_96005973_jpg.rf.26df2c1dc2998799366d27108c7b5693.jpg,640,640,neutral,17,9,639,640
real-16-_png.rf.24e037ab50e711b3783d6ad24a20b409.jpg,640,640,face_real,128,56,497,560
andr_video_15_frame12_jpg.rf.268349bbef3f7dc64af2d4b50ae2ef6e.jpg,640,640,face_real,132,117,486,378
andr_video_2_frame62_jpg.rf.1bfaad8952a53a66de9915a37a6a9f6d.jpg,640,640,face_real,119,129,455,410
andr_video_19_frame30_jpg.rf.2826bc76f72cc8cd35c060343a532d14.jpg,640,640,face_real,166,168,506,430
Training_97004687_jpg.rf.2a8628cf4957c6b1ca7286e2a9c03574.jpg,640,640,neutral,13,13,640,627
Training_98844918_jpg.rf.2abbcfeb59579ec331cbf257d77fd3fe.jpg,640,640,neutral,0,0,640,640
new_real-8-_jpg.rf.29b576a3f235cf4d60dda8e3d82716ca.jpg,640,640,face_real,187,217,422,455
real-15-_png.rf.28a913140c00712950c5477d59f00c70.jpg,640,640,face_real,130,53,493,570
Training_98903134_jpg.rf.2abfd1d76b3ab21c412993e1e91a8755.jpg,640,640,neutral,12,0,640,640
Training_97881763_jpg.rf.2a31afec997aa9799929b1e617a394b9.jpg,640,640,neutral,0,0,640,640
real-85-_png.rf.24dfea8bcaa37049ebc9c4c8f2bffa5b.jpg,640,640,face_real,124,119,475,547
andr_video_1_frame46_jpg.rf.27c9b048f73bd1eef80ea594d5b1fd77.jpg,640,640,face_real,134,145,474,413
Training_95773774_jpg.rf.2ba57bc1d031369f10dde5aecba11457.jpg,640,640,neutral,0,0,640,640
new_real-43-_jpg.rf.2c3e6da4cd364c98d30736de27671580.jpg,640,640,face_real,237,78,444,505
Training_98086491_jpg.rf.2bf2cb4f5a0540668621bf1965811c84.jpg,640,640,neutral,0,0,640,640
Training_96010101_jpg.rf.2c5f7c606cc1391227aa9d0df4cf203a.jpg,640,640,neutral,0,0,640,640
Training_24212024_jpg.rf.279ef80c3be13368f56d7de34eb7fc82.jpg,640,640,neutral,9,9,640,640
real-71-_png.rf.2ac836676efa294436cfd5895ae0fe63.jpg,640,640,face_real,98,60,484,585
Training_98537713_jpg.rf.2c08141f4835417e6669c724b7f62906.jpg,640,640,neutral,0,0,640,640
1-418-_jpg.rf.2da77022bec3116b02b5d014439b8e9b.jpg,640,640,face_real,123,221,509,493
Training_99095324_jpg.rf.2c774aad1d862daaa5ccbb8ad058bcba.jpg,640,640,neutral,1,0,640,640
new_real-49-_jpg.rf.2b8956788b43044f93899eec1ef8a48a.jpg,640,640,face_real,103,111,476,435
real-17-_png.rf.278614233cb31c7872decb0ae22de3a3.jpg,640,640,face_real,132,45,502,569
Training_22680644_jpg.rf.2e046ae93a786f82977cbf01dd9985a0.jpg,640,640,neutral,0,0,640,640
andr_video_21_frame52_jpg.rf.2b750df027702659455e951e62a760dd.jpg,640,640,face_real,119,122,466,439
Training_96958424_jpg.rf.30596b8d782e9d060967c8170ee20614.jpg,640,640,neutral,17,14,640,640
Training_93883729_jpg.rf.2e86d77f3624c113971ee5528775671a.jpg,640,640,neutral,0,0,640,640
real-60-_png.rf.2e5ae19f52bd68a4d54559e9ed6fc769.jpg,640,640,face_real,167,94,466,538
Training_98813030_jpg.rf.2e7dd28726c9fc23305d1732268e6aff.jpg,640,640,neutral,0,0,640,640
andr_video_9_frame3_jpg.rf.2fd28181ddb2fc997408fddfb4d83af8.jpg,640,640,face_real,136,125,470,375
real-77-_png.rf.2f3b9431bd0921f28aff036737083f4e.jpg,640,640,face_real,166,136,483,531
andr_video_12_frame36_jpg.rf.2f52ad32311b39e703471d63ee8dd797.jpg,640,640,face_real,166,146,468,370
Training_97472978_jpg.rf.2e1f1bcc0c0486762e5ba35465ad8167.jpg,640,640,neutral,0,0,640,640
real-24-_png.rf.30280496943733b6d88fd321141fa5b3.jpg,640,640,face_real,164,101,476,543
Training_95953927_jpg.rf.2fcf19980be4abe09d48bf63e3457b67.jpg,640,640,neutral,0,0,640,640
Training_22821677_jpg.rf.2fe607a2868387285f419107ae372052.jpg,640,640,neutral,0,0,640,640
Training_93103235_jpg.rf.32b087e6d2e931d0a411ff44babd5967.jpg,640,640,neutral,0,0,640,640
Training_93658164_jpg.rf.2bbc3bd36eee3d76a00a59957db76af3.jpg,640,640,neutral,0,0,640,640
Training_94368919_jpg.rf.3096fe6de6bacd0effe078a208ab69c5.jpg,640,640,neutral,9,9,640,640
Training_22792509_jpg.rf.288724c45b9e23ea8cfb4ecd4de3055f.jpg,640,640,neutral,0,0,640,640
Training_98815189_jpg.rf.33b4ca8b3bcb0f96efd8bf9638e9b18b.jpg,640,640,neutral,21,22,640,639
Training_22738826_jpg.rf.31b11f970395777574edf93860f8d922.jpg,640,640,neutral,7,0,640,640
andr_video_15_frame2_jpg.rf.35a27a81ed5959cba75655c5fec75173.jpg,640,640,face_real,144,127,458,373
Training_97056113_jpg.rf.33ea7eff5157eb92876bb630ddf3d81d.jpg,640,640,neutral,0,0,640,640
Training_99290709_jpg.rf.32a6be31da76b67ed1bba4e7c0eb8873.jpg,640,640,neutral,0,0,640,640
Training_24505581_jpg.rf.35d0de31216f4b53d3f8d86308db2eff.jpg,640,640,neutral,0,0,640,640
Training_94941922_jpg.rf.354d242797e7e066400709e4de5ebab3.jpg,640,640,neutral,11,5,640,640
real-70-_png.rf.33941f80182d0af5e544735a67d8923e.jpg,640,640,face_real,123,79,477,565
andr_video_22_frame18_jpg.rf.3798e05dcfc1e36792a365cd1f048d61.jpg,640,640,face_real,182,177,520,425
Training_23493803_jpg.rf.363a04ca0e02d6a5ede31619eef32f27.jpg,640,640,neutral,0,0,640,640
0-770-_jpg.rf.36924da54d0ae8fcea4dda4c8780d147.jpg,640,640,face_real,143,204,497,610
Training_23638725_jpg.rf.384d8358dff042b2f54e08f0e7f89a08.jpg,640,640,neutral,0,0,640,640
andr_video_21_frame11_jpg.rf.24eb3002cd6b001bb3e4468f2941a48d.jpg,640,640,face_real,178,181,506,415
ios_video_18_frame2_jpg.rf.3957748aa73161815923d73671038f04.jpg,640,640,face_real,175,209,444,434
andr_video_16_frame22_jpg.rf.3611d1ad2e84146596fba3dc895ec342.jpg,640,640,face_real,136,130,474,388
new_real-24-_jpg.rf.3848a8c32e56b4275885e3ba84838448.jpg,640,640,face_real,230,155,426,507
Training_22702111_jpg.rf.3613c86ae851c03b8906260cc29ea1e7.jpg,640,640,neutral,0,0,640,640
Training_22708214_jpg.rf.39e79e57c09369f829e3527012984744.jpg,640,640,neutral,1,0,640,640
Training_22616751_jpg.rf.385695d94b308dadde4c7e4d974b1a1a.jpg,640,640,neutral,19,6,640,633
Training_97372968_jpg.rf.36111f582236b34c98947be06505a6a1.jpg,640,640,neutral,17,1,640,640
real-67-_png.rf.39a0165344320e88730d9db35aa1d4e8.jpg,640,640,face_real,115,68,479,581
real-40-_png.rf.3a4214c94365e39acf2d06d609fea49b.jpg,640,640,face_real,122,85,488,556
Training_94068281_jpg.rf.3c1686109ac63c01b6547b7f6aca89e8.jpg,640,640,neutral,0,0,640,640
andr_video_19_frame60_jpg.rf.37faa295b9baf13a229fba0cad8b7e58.jpg,640,640,face_real,144,110,482,413
andr_video_2_frame107_jpg.rf.3b13c6e3ce0da6e2bfa10431d93faf1b.jpg,640,640,face_real,111,123,437,425
andr_video_5_frame26_jpg.rf.3bfc5efe93ccd8b98ad8aba2c8cd5749.jpg,640,640,face_real,144,150,490,402
andr_video_3_frame15_jpg.rf.379b1e1440370c1808c417d9dd4605d5.jpg,640,640,face_real,148,144,478,410
new_real-26-_jpg.rf.3c24137f28b3e29de6374ed3909acd31.jpg,640,640,face_real,207,219,458,489
Training_94146791_jpg.rf.39797c50892236b238ca4e0787ecf275.jpg,640,640,neutral,0,0,640,640
Training_94612243_jpg.rf.3c6f49403fe1059960dc46e571e04d60.jpg,640,640,neutral,21,5,640,603
thereal19_jpg.rf.3dac72d0e5c58d451d1430e790fee34a.jpg,640,640,face_real,129,193,481,533
Training_92720247_jpg.rf.3d5cfa4aba4da512cdaede250ce95bef.jpg,640,640,neutral,9,1,640,640
real-45-_png.rf.3d9e0305c9b49f0c7c9134e1865828e9.jpg,640,640,face_real,139,76,501,572
0-922-_jpg.rf.3c262dc205022a508832d3dfc6d443f8.jpg,640,640,face_real,103,99,509,450
andr_video_12_frame9_jpg.rf.3cec58cc18d337c779d115b188efa59b.jpg,640,640,face_real,160,120,470,369
Training_96059763_jpg.rf.3ce2be7ac9190faf3307c0fba0111650.jpg,640,640,neutral,0,0,640,640
1-373-_jpg.rf.40641e2138b6c9ee9ba3929464e302ee.jpg,640,640,face_real,211,97,442,336
Training_97135372_jpg.rf.4088b3e02902fa6dd226cf17c6f47853.jpg,640,640,neutral,0,0,640,640
real-27-_png.rf.4195abb891a6971939e8db619dd514d8.jpg,640,640,face_real,152,111,497,563
andr_video_0_frame41_jpg.rf.41ce62bc9c50fbafcd61f809cdf3997d.jpg,640,640,face_real,83,130,539,486
Training_22766211_jpg.rf.41c51918005814b6bdc812dfc2c74ad1.jpg,640,640,neutral,0,0,640,640
new_real-47-_jpg.rf.41b458891123749523d0d14af93807e0.jpg,640,640,face_real,170,79,472,563
Training_99766691_jpg.rf.3e7159b1570ed2e9f39ab309791148f7.jpg,640,640,neutral,9,22,640,640
Training_97880710_jpg.rf.3ee85b26f8b3fc50ee9dcf6b65de96a7.jpg,640,640,neutral,0,0,640,640
Training_96997789_jpg.rf.440ba043db7e18ed56376a430d673fd4.jpg,640,640,neutral,0,0,640,640
Training_23772184_jpg.rf.40ac2f418838b65515ed05dff5dd6fd8.jpg,640,640,neutral,0,0,640,640
real-43-_png.rf.451db1c8aae15c83e7aa265e20fd0057.jpg,640,640,face_real,134,85,475,554
Training_96739323_jpg.rf.43f35e16f6c21cf20f0491e0e9a13b18.jpg,640,640,neutral,0,0,640,640
Training_98361271_jpg.rf.441c9dc607d7d7ebd1ca8ed06b4b97a4.jpg,640,640,neutral,0,0,640,640
Training_97992548_jpg.rf.44d1b3e22c462d881b0d273c362d884d.jpg,640,640,neutral,17,1,640,640
thereal16_jpg.rf.41ee5c9cf3b819ff144a93f620bbf441.jpg,640,640,face_real,137,223,475,540
new_real-37-_jpg.rf.25f6dbbc7c8076541bba475813744a9e.jpg,640,640,face_real,229,265,371,400
thereal7_png.rf.472eee012aef486596a9cbf8180263f8.jpg,640,640,face_real,148,68,487,509
ios_video_3_frame7_jpg.rf.42b5b02228c9e32c2b0b2365a29ed7ba.jpg,640,640,face_real,145,195,495,453
andr_video_7_frame4_jpg.rf.4758296d74ecdd25d08350412229450c.jpg,640,640,face_real,152,133,508,375
real-61-_png.rf.46ec7d9d03e0326b181414fecbbe1a6f.jpg,640,640,face_real,167,94,471,546
thereal23_jpg.rf.482eac200ab5cf3fcbe878592bc4258f.jpg,640,640,face_real,165,204,476,546
Training_95152208_jpg.rf.46b69e8de72f26a6f58522889d5fc60c.jpg,640,640,neutral,3,1,640,640
Training_94546112_jpg.rf.446b5a463834d5eac7bc98fcaf9f56a7.jpg,640,640,neutral,0,0,640,640
Training_97574594_jpg.rf.456cee96c57d0159a86d775a1acc02b6.jpg,640,640,neutral,0,0,640,640
real-31-_png.rf.4921e89c61359d9bcf76a776745865f7.jpg,640,640,face_real,82,88,462,598
new_real-35-_jpg.rf.408f726d983a51dc5b279a7c49b69acb.jpg,640,640,face_real,223,114,387,430
Training_97523408_jpg.rf.4798d66255daaa1c685b1491e1e354d9.jpg,640,640,neutral,0,0,640,640
real-68-_png.rf.42dc0f0a05048e8f90c8eed5af1bf273.jpg,640,640,face_real,113,63,490,589
thereal1_png.rf.49058014696806a0d527bebce127d082.jpg,640,640,face_real,202,171,464,487
Training_97730202_jpg.rf.457266146e66d315be7964d686784c5f.jpg,640,640,neutral,0,0,640,640
Training_97345253_jpg.rf.4a3a8587dd1c3b6010bd400a7f795f66.jpg,640,640,neutral,0,0,640,640
Training_96687503_jpg.rf.4a27c4b854c1596932668be606cc7868.jpg,640,640,neutral,0,0,640,640
real-13-_png.rf.3c2255521c96535959691a27efe4f0fa.jpg,640,640,face_real,163,81,480,543
Training_97696525_jpg.rf.3a4b06f19427ab5c0a01f393a4128836.jpg,640,640,neutral,0,0,640,640
andr_video_8_frame25_jpg.rf.48d076abe052ed787eb82df29e05bb1e.jpg,640,640,face_real,119,118,441,368
thereal21_jpg.rf.484dd326dcd7bb4c9b6bea9095ed5306.jpg,640,640,face_real,117,196,468,527
Training_94327673_jpg.rf.48716a108a2fe98fa490b5f1ee18fad1.jpg,640,640,neutral,0,0,640,640
Training_94851443_jpg.rf.467421249373c85e3bc3a2f3d4c5f73b.jpg,640,640,neutral,0,0,640,640
new_real-51-_jpg.rf.4c8e0250203476a011782fd4cca32e3c.jpg,640,640,face_real,104,86,573,543
0-1163-_jpg.rf.4cb22b62012e63d7c0a5c0e4af9dbecb.jpg,640,640,face_real,222,168,432,546
Training_22601091_jpg.rf.4e5cc5ed1c4c2438bc62587c98f224cd.jpg,640,640,neutral,13,0,640,640
Training_95145649_jpg.rf.4ee595da99df8279cfbd10c87fbd3f39.jpg,640,640,neutral,0,0,640,640
andr_video_2_frame12_jpg.rf.4e9e447f0527ef6d8445a7cf61ff91b7.jpg,640,640,face_real,105,114,516,470
real-88-_png.rf.450525331535e763aca4b0f5a967f836.jpg,640,640,face_real,157,82,479,558
Training_94220541_jpg.rf.49d3195a51047effb74a3205d2aa0bd9.jpg,640,640,neutral,0,0,640,627
Training_96667335_jpg.rf.4f37cd06bceaa823874f43f32975bbb3.jpg,640,640,neutral,9,5,640,640
Training_98631668_jpg.rf.4e0a32900e1c8bc961cb98e5728d5750.jpg,640,640,neutral,0,0,640,640
Training_22453594_jpg.rf.4ecfbb5a19cd248d18e8d480221e613b.jpg,640,640,neutral,1,0,640,640
real-75-_png.rf.4b1c69d6a06295babbb28a512247b7ca.jpg,640,640,face_real,132,85,501,586
Training_98425931_jpg.rf.4c7e04e32c38b1e2bef73136ad8306ff.jpg,640,640,neutral,1,0,640,640
real-21-_png.rf.4f6b0744d517484a557455c77a083206.jpg,640,640,face_real,162,85,497,576
Training_21958714_jpg.rf.515c5596698013238b7cd5a0d9aa3a47.jpg,640,640,neutral,9,3,640,640
andr_video_5_frame10_jpg.rf.5220d51b6da5ecb282d425d642422fe8.jpg,640,640,face_real,140,160,476,398
Training_96674396_jpg.rf.50f859de195cf0bdcfe2397652385776.jpg,640,640,neutral,0,0,640,627
Training_22167881_jpg.rf.4f73e386e8983d71ff0ca5e47d4e12bc.jpg,640,640,neutral,0,3,640,640
real-79-_png.rf.5118d634732bc764be7736de8413216e.jpg,640,640,face_real,127,103,504,616
Training_94461940_jpg.rf.539d5aff10a634f9ba33a24db79656c6.jpg,640,640,neutral,0,0,640,627
Training_93872957_jpg.rf.52845c50a8cbb9d0e1e4325077768ce2.jpg,640,640,neutral,17,0,640,640
andr_video_9_frame50_jpg.rf.534d0acc19dbe6735d539036e0b93d91.jpg,640,640,face_real,107,80,464,394
real-56-_png.rf.54af1439f25b26f15796414bacdf1fb3.jpg,640,640,face_real,172,79,489,543
Training_23468066_jpg.rf.53f3997274d3dbe5c7ecfbf67521cdb1.jpg,640,640,neutral,9,9,640,640
Training_23256509_jpg.rf.4fa392ea761e9560b3c668eb51ae0b28.jpg,640,640,neutral,0,0,640,640
Training_97983458_jpg.rf.4f72b40667f2974e25cf685ac1a6589f.jpg,640,640,neutral,0,0,640,640
real-64-_png.rf.5459641f75b8a62dc7ae78c3676d5421.jpg,640,640,face_real,153,79,484,558
Training_24072848_jpg.rf.52512d31b41e24deef91ec061ac51677.jpg,640,640,neutral,0,0,640,640
Training_93877952_jpg.rf.537cad3701059f19ae9aa05423c26c7f.jpg,640,640,neutral,1,0,640,640
Training_95846338_jpg.rf.54ee9f0e0a94e7141ed42ff9a07e60c5.jpg,640,640,neutral,0,0,640,640
Training_94644111_jpg.rf.4d28a4d285b8a82fdf59b7c7463b17e7.jpg,640,640,neutral,2,0,640,640
Training_97184442_jpg.rf.5430c7a1e5634ace64d0e37af4dc35f8.jpg,640,640,neutral,34,0,640,640
Training_95854199_jpg.rf.52f746f2d2bc816b4c3f4a70616e7be1.jpg,640,640,neutral,0,0,640,640
Training_98897485_jpg.rf.2e13fb1cf629042b01b7b4d83bb79b0d.jpg,640,640,neutral,21,1,640,639